INSERT INTO public.t_roles (name) VALUES ('ROLE_ADMIN');
INSERT INTO public.t_roles (name) VALUES ('ROLE_USER');
SELECT setval('t_roles_id_seq', 3, true);

INSERT INTO public.t_user (active, anniversaire, email, nom, password, prenom, telephone, panier_id) VALUES (null, '2020-11-16', 'deneux.j@gmail.com', 'Deneux', '$2a$10$3ZgfaLwo0Wl5f74MZ7IGtuzjUV8/v3NgbUDx0VaXZBWPVR9.8ZZ6y', 'Jérôme', '0625092170', null);
SELECT setval('t_user_id_seq', 2, true);

INSERT INTO public.user_roles (user_id, role_id) VALUES (1, 1);

INSERT INTO public.t_adresse (id, batiment, code_postal, digicode, etage, interphone, nom, numero, porte, ville, voie) VALUES (1, null, '92300', '2526', 5, 'Paul', 'Bureau', 25, 'G', 'Levallois-Perret', 'avenue Aristide Briand');
INSERT INTO public.t_adresse (id, batiment, code_postal, digicode, etage, interphone, nom, numero, porte, ville, voie) VALUES (2, 'A', '75200', '2569', 1, 'Arnaud', 'Maison', 125, 'D', 'Paris', 'rue de la Grande Armée');
INSERT INTO public.t_adresse (id, batiment, code_postal, digicode, etage, interphone, nom, numero, porte, ville, voie) VALUES (3, null, '92300', '2526', 5, 'Paul', 'Bureau', 25, 'G', 'Levallois-Perret', 'avenue Aristide Briand');
INSERT INTO public.t_adresse (id, batiment, code_postal, digicode, etage, interphone, nom, numero, porte, ville, voie) VALUES (4, 'A', '75200', '2569', 1, 'Arnaud', 'Maison', 125, 'D', 'Paris', 'rue de la Grande Armée');
INSERT INTO public.t_adresse (id, batiment, code_postal, digicode, etage, interphone, nom, numero, porte, ville, voie) VALUES (5, null, '92300', '2526', 5, 'Paul', 'Bureau', 25, 'G', 'Levallois-Perret', 'avenue Aristide Briand');
INSERT INTO public.t_adresse (id, batiment, code_postal, digicode, etage, interphone, nom, numero, porte, ville, voie) VALUES (6, 'A', '75200', '2569', 1, 'Arnaud', 'Maison', 125, 'D', 'Paris', 'rue de la Grande Armée');
INSERT INTO public.t_adresse (id, batiment, code_postal, digicode, etage, interphone, nom, numero, porte, ville, voie) VALUES (7, null, '92300', '2526', 5, 'Paul', 'Bureau', 25, 'G', 'Levallois-Perret', 'avenue Aristide Briand');
INSERT INTO public.t_adresse (id, batiment, code_postal, digicode, etage, interphone, nom, numero, porte, ville, voie) VALUES (8, 'A', '75200', '2569', 1, 'Arnaud', 'Maison', 125, 'D', 'Paris', 'rue de la Grande Armée');
SELECT setval('t_adresse_id_seq', 9, true);

INSERT INTO public.t_user_adresses (user_id, adresses_id) VALUES (1, 1);
INSERT INTO public.t_user_adresses (user_id, adresses_id) VALUES (1, 2);
INSERT INTO public.t_user_adresses (user_id, adresses_id) VALUES (1, 3);
INSERT INTO public.t_user_adresses (user_id, adresses_id) VALUES (1, 4);
INSERT INTO public.t_user_adresses (user_id, adresses_id) VALUES (1, 5);
INSERT INTO public.t_user_adresses (user_id, adresses_id) VALUES (1, 6);
INSERT INTO public.t_user_adresses (user_id, adresses_id) VALUES (1, 7);
INSERT INTO public.t_user_adresses (user_id, adresses_id) VALUES (1, 8);

INSERT INTO public.t_categorie (id, name) VALUES (7, 'Épices ');
INSERT INTO public.t_categorie (id, name) VALUES (8, 'Sels');
INSERT INTO public.t_categorie (id, name) VALUES (9, 'Huiles & Vinaigres');
INSERT INTO public.t_categorie (id, name) VALUES (10, 'Thé, Café, Infusion');
INSERT INTO public.t_categorie (id, name) VALUES (11, 'Confiserie');
INSERT INTO public.t_categorie (id, name) VALUES (12, 'Biscuiterie');
INSERT INTO public.t_categorie (id, name) VALUES (13, 'Spécialités étrangères');
INSERT INTO public.t_categorie (id, name) VALUES (14, 'Pâtes, riz, céréales');
INSERT INTO public.t_categorie (id, name) VALUES (15, 'Légumineuses & Protéines VG');
INSERT INTO public.t_categorie (id, name) VALUES (16, 'Oléagineux + graines');
INSERT INTO public.t_categorie (id, name) VALUES (17, 'Fruits séchés');
INSERT INTO public.t_categorie (id, name) VALUES (18, 'Aide culinaire');
INSERT INTO public.t_categorie (id, name) VALUES (19, 'Farine');
INSERT INTO public.t_categorie (id, name) VALUES (20, 'Sucre');
INSERT INTO public.t_categorie (id, name) VALUES (21, 'Sel');
INSERT INTO public.t_categorie (id, name) VALUES (22, 'Biscuits sucrés');
INSERT INTO public.t_categorie (id, name) VALUES (23, 'Biscuits apéritif ');
INSERT INTO public.t_categorie (id, name) VALUES (24, 'Corps');
INSERT INTO public.t_categorie (id, name) VALUES (25, 'Visage');
INSERT INTO public.t_categorie (id, name) VALUES (26, 'Cheveux');
INSERT INTO public.t_categorie (id, name) VALUES (27, 'Entretien');
INSERT INTO public.t_categorie (id, name) VALUES (28, 'Accessoires');
SELECT setval('t_categorie_id_seq', 29, true);

INSERT INTO public.t_type (id, name) VALUES (9, 'Epicerie fine');
INSERT INTO public.t_type (id, name) VALUES (12, 'Prêt à cuisiner');
INSERT INTO public.t_type (id, name) VALUES (13, 'Vrac');
INSERT INTO public.t_type (id, name) VALUES (14, 'Cosmétiques ');
INSERT INTO public.t_type (id, name) VALUES (15, 'Maison');
SELECT setval('t_type_id_seq', 16, true);

INSERT INTO public.t_type_categories (type_id, categories_id) VALUES (9, 7);
INSERT INTO public.t_type_categories (type_id, categories_id) VALUES (9, 8);
INSERT INTO public.t_type_categories (type_id, categories_id) VALUES (9, 9);
INSERT INTO public.t_type_categories (type_id, categories_id) VALUES (9, 10);
INSERT INTO public.t_type_categories (type_id, categories_id) VALUES (9, 11);
INSERT INTO public.t_type_categories (type_id, categories_id) VALUES (9, 12);
INSERT INTO public.t_type_categories (type_id, categories_id) VALUES (9, 13);
INSERT INTO public.t_type_categories (type_id, categories_id) VALUES (13, 14);
INSERT INTO public.t_type_categories (type_id, categories_id) VALUES (13, 15);
INSERT INTO public.t_type_categories (type_id, categories_id) VALUES (13, 16);
INSERT INTO public.t_type_categories (type_id, categories_id) VALUES (13, 17);
INSERT INTO public.t_type_categories (type_id, categories_id) VALUES (13, 18);
INSERT INTO public.t_type_categories (type_id, categories_id) VALUES (13, 19);
INSERT INTO public.t_type_categories (type_id, categories_id) VALUES (13, 20);
INSERT INTO public.t_type_categories (type_id, categories_id) VALUES (13, 21);
INSERT INTO public.t_type_categories (type_id, categories_id) VALUES (13, 23);
INSERT INTO public.t_type_categories (type_id, categories_id) VALUES (13, 22);
INSERT INTO public.t_type_categories (type_id, categories_id) VALUES (14, 24);
INSERT INTO public.t_type_categories (type_id, categories_id) VALUES (14, 25);
INSERT INTO public.t_type_categories (type_id, categories_id) VALUES (14, 26);
INSERT INTO public.t_type_categories (type_id, categories_id) VALUES (15, 27);
INSERT INTO public.t_type_categories (type_id, categories_id) VALUES (15, 28);

INSERT INTO public.t_tag (id, name) VALUES (3, 'Bio (européen et AB)');
INSERT INTO public.t_tag (id, name) VALUES (4, 'Demeter');
INSERT INTO public.t_tag (id, name) VALUES (5, 'Nature & Progrès');
INSERT INTO public.t_tag (id, name) VALUES (6, 'Ecocert');
INSERT INTO public.t_tag (id, name) VALUES (7, 'Cruelty-free');
INSERT INTO public.t_tag (id, name) VALUES (8, 'Fairtrade');
INSERT INTO public.t_tag (id, name) VALUES (9, 'E.V.E');
INSERT INTO public.t_tag (id, name) VALUES (10, 'Bio non labellisé');
INSERT INTO public.t_tag (id, name) VALUES (11, 'Agriculture raisonnée');
INSERT INTO public.t_tag (id, name) VALUES (12, 'Sans gluten');
INSERT INTO public.t_tag (id, name) VALUES (13, 'Sans sucre');
INSERT INTO public.t_tag (id, name) VALUES (14, 'Produits européens');
INSERT INTO public.t_tag (id, name) VALUES (15, 'Made in France');
INSERT INTO public.t_tag (id, name) VALUES (16, 'Fait en Île-de-France');
INSERT INTO public.t_tag (id, name) VALUES (17, 'Bateaux à voile(TWOT)');
SELECT setval('t_tag_id_seq', 18, true);

INSERT INTO public.t_tags_categorie (id, name) VALUES (1, 'Produit Certifiés ');
INSERT INTO public.t_tags_categorie (id, name) VALUES (2, 'Charte Une dose de Vert');
INSERT INTO public.t_tags_categorie (id, name) VALUES (3, 'Manger sain');
INSERT INTO public.t_tags_categorie (id, name) VALUES (4, 'Localité');
INSERT INTO public.t_tags_categorie (id, name) VALUES (5, 'Transport Alternatif');
SELECT setval('t_tags_categorie_id_seq', 5, true);

INSERT INTO public.t_tags_categorie_tags (tags_categorie_id, tags_id) VALUES (1, 3);
INSERT INTO public.t_tags_categorie_tags (tags_categorie_id, tags_id) VALUES (1, 4);
INSERT INTO public.t_tags_categorie_tags (tags_categorie_id, tags_id) VALUES (1, 5);
INSERT INTO public.t_tags_categorie_tags (tags_categorie_id, tags_id) VALUES (1, 6);
INSERT INTO public.t_tags_categorie_tags (tags_categorie_id, tags_id) VALUES (1, 7);
INSERT INTO public.t_tags_categorie_tags (tags_categorie_id, tags_id) VALUES (1, 8);
INSERT INTO public.t_tags_categorie_tags (tags_categorie_id, tags_id) VALUES (1, 9);
INSERT INTO public.t_tags_categorie_tags (tags_categorie_id, tags_id) VALUES (2, 10);
INSERT INTO public.t_tags_categorie_tags (tags_categorie_id, tags_id) VALUES (2, 11);
INSERT INTO public.t_tags_categorie_tags (tags_categorie_id, tags_id) VALUES (3, 12);
INSERT INTO public.t_tags_categorie_tags (tags_categorie_id, tags_id) VALUES (3, 13);
INSERT INTO public.t_tags_categorie_tags (tags_categorie_id, tags_id) VALUES (4, 14);
INSERT INTO public.t_tags_categorie_tags (tags_categorie_id, tags_id) VALUES (4, 15);
INSERT INTO public.t_tags_categorie_tags (tags_categorie_id, tags_id) VALUES (4, 16);
INSERT INTO public.t_tags_categorie_tags (tags_categorie_id, tags_id) VALUES (5, 17);
